SubscriptionID,CustomerID,StartDate_Original,EndDate_Original,PlanType,,,,,StartDate,,,,EndDate
1,1,10-01-2022,09-01-2023,Annual,,10,1,2022,2022/1/10,9,1,2023,2023/1/9
2,2,15-12-2021,14-12-2022,Monthly,,15,12,2021,2021/12/15,14,12,2022,2022/12/14
3,3,20-03-2020,19-03-2021,Annual,,20,3,2020,2020/3/20,19,3,2021,2021/3/19
4,4,25-06-2019,24-06-2020,Annual,,25,6,2019,2019/6/25,24,6,2020,2020/6/24
5,5,14-07-2021,13-07-2022,Monthly,,14,7,2021,2021/7/14,13,7,2022,2022/7/13
6,6,30-08-2018,29-08-2019,Annual,,30,8,2018,2018/8/30,29,8,2019,2019/8/29
7,7,22-12-2020,21-12-2021,Monthly,,22,12,2020,2020/12/22,21,12,2021,2021/12/21
8,8,11-03-2019,10-03-2020,Annual,,11,3,2019,2019/3/11,10,3,2020,2020/3/10
9,9,18-02-2022,17-02-2023,Monthly,,18,2,2022,2022/2/18,17,2,2023,2023/2/17
10,10,27-05-2020,26-05-2021,Annual,,27,5,2020,2020/5/27,26,5,2021,2021/5/26
11,11,10-09-2019,09-09-2020,Annual,,10,9,2019,2019/9/10,9,9,2020,2020/9/9
12,12,20-11-2021,19-11-2022,Monthly,,20,11,2021,2021/11/20,19,11,2022,2022/11/19
13,13,15-04-2018,14-04-2019,Annual,,15,4,2018,2018/4/15,14,4,2019,2019/4/14
14,14,08-07-2020,07-07-2021,Monthly,,8,7,2020,2020/7/8,7,7,2021,2021/7/7
15,15,02-03-2022,01-03-2023,Annual,,2,3,2022,2022/3/2,1,3,2023,2023/3/1
16,16,19-06-2021,18-06-2022,Monthly,,19,6,2021,2021/6/19,18,6,2022,2022/6/18
17,17,23-11-2020,22-11-2021,Annual,,23,11,2020,2020/11/23,22,11,2021,2021/11/22
18,18,31-05-2019,30-05-2020,Annual,,31,5,2019,2019/5/31,30,5,2020,2020/5/30
19,19,05-01-2018,04-01-2019,Annual,,5,1,2018,2018/1/5,4,1,2019,2019/1/4
20,20,27-10-2021,26-10-2022,Monthly,,27,10,2021,2021/10/27,26,10,2022,2022/10/26
21,21,16-02-2019,15-02-2020,Annual,,16,2,2019,2019/2/16,15,2,2020,2020/2/15
22,22,09-08-2020,08-08-2021,Monthly,,9,8,2020,2020/8/9,8,8,2021,2021/8/8
23,23,03-01-2021,02-01-2022,Annual,,3,1,2021,2021/1/3,2,1,2022,2022/1/2
24,24,19-12-2018,18-12-2019,Annual,,19,12,2018,2018/12/19,18,12,2019,2019/12/18
25,25,21-07-2019,20-07-2020,Annual,,21,7,2019,2019/7/21,20,7,2020,2020/7/20
26,26,15-03-2021,14-03-2022,Monthly,,15,3,2021,2021/3/15,14,3,2022,2022/3/14
27,27,29-09-2020,28-09-2021,Annual,,29,9,2020,2020/9/29,28,9,2021,2021/9/28
28,28,13-12-2019,12-12-2020,Annual,,13,12,2019,2019/12/13,12,12,2020,2020/12/12
29,29,22-02-2021,21-02-2022,Monthly,,22,2,2021,2021/2/22,21,2,2022,2022/2/21
30,30,12-06-2020,11-06-2021,Annual,,12,6,2020,2020/6/12,11,6,2021,2021/6/11
31,31,10-01-2023,09-01-2024,Monthly,,10,1,2023,2023/1/10,9,1,2024,2024/1/9
32,33,15-12-2020,14-12-2021,Annual,,15,12,2020,2020/12/15,14,12,2021,2021/12/14
33,35,18-09-2021,17-09-2022,Monthly,,18,9,2021,2021/9/18,17,9,2022,2022/9/17
34,37,03-03-2023,02-03-2024,Annual,,3,3,2023,2023/3/3,2,3,2024,2024/3/2
35,39,10-08-2021,09-08-2022,Monthly,,10,8,2021,2021/8/10,9,8,2022,2022/8/9
36,32,22-11-2022,22-12-2022,Monthly,,22,11,2022,2022/11/22,22,12,2022,2022/12/22
37,41,01-02-2023,31-01-2024,Annual,,1,2,2023,2023/2/1,31,1,2024,2024/1/31
38,41,01-02-2023,31-12-2023,Monthly,,1,2,2023,2023/2/1,31,12,2023,2023/12/31
39,43,10-03-2022,09-03-2023,Annual,,10,3,2022,2022/3/10,9,3,2023,2023/3/9
40,43,10-03-2022,31-12-2022,Monthly,,10,3,2022,2022/3/10,31,12,2022,2022/12/31
41,45,20-08-2019,19-08-2020,Annual,,20,8,2019,2019/8/20,19,8,2020,2020/8/19
42,47,15-11-2021,14-11-2022,Monthly,,15,11,2021,2021/11/15,14,11,2022,2022/11/14
43,49,25-09-2022,24-09-2023,Annual,,25,9,2022,2022/9/25,24,9,2023,2023/9/24
44,1,10-01-2023,09-01-2024,Monthly,,10,1,2023,2023/1/10,9,1,2024,2024/1/9
45,2,15-12-2022,14-12-2023,Annual,,15,12,2022,2022/12/15,14,12,2023,2023/12/14
46,3,20-03-2021,19-03-2022,Monthly,,20,3,2021,2021/3/20,19,3,2022,2022/3/19
47,5,14-07-2022,13-07-2023,Annual,,14,7,2022,2022/7/14,13,7,2023,2023/7/13
48,6,30-08-2019,29-08-2020,Monthly,,30,8,2019,2019/8/30,29,8,2020,2020/8/29
49,7,22-12-2021,21-12-2022,Annual,,22,12,2021,2021/12/22,21,12,2022,2022/12/21
50,8,11-03-2020,10-03-2021,Monthly,,11,3,2020,2020/3/11,10,3,2021,2021/3/10
51,9,18-02-2023,17-02-2024,Annual,,18,2,2023,2023/2/18,17,2,2024,2024/2/17
52,10,27-05-2021,26-05-2022,Monthly,,27,5,2021,2021/5/27,26,5,2022,2022/5/26
53,11,10-09-2020,09-09-2021,Monthly,,10,9,2020,2020/9/10,9,9,2021,2021/9/9
54,12,20-11-2022,19-11-2023,Annual,,20,11,2022,2022/11/20,19,11,2023,2023/11/19
55,13,15-04-2019,14-04-2020,Monthly,,15,4,2019,2019/4/15,14,4,2020,2020/4/14
56,14,08-07-2021,07-07-2022,Annual,,8,7,2021,2021/7/8,7,7,2022,2022/7/7
57,15,02-03-2023,01-03-2024,Monthly,,2,3,2023,2023/3/2,1,3,2024,2024/3/1
58,16,19-06-2022,18-06-2023,Annual,,19,6,2022,2022/6/19,18,6,2023,2023/6/18
59,17,23-11-2021,22-11-2022,Monthly,,23,11,2021,2021/11/23,22,11,2022,2022/11/22
60,18,31-05-2020,30-05-2021,Annual,,31,5,2020,2020/5/31,30,5,2021,2021/5/30
61,19,05-01-2019,04-01-2020,Monthly,,5,1,2019,2019/1/5,4,1,2020,2020/1/4
62,20,27-10-2022,26-10-2023,Annual,,27,10,2022,2022/10/27,26,10,2023,2023/10/26
63,21,16-02-2020,15-02-2021,Monthly,,16,2,2020,2020/2/16,15,2,2021,2021/2/15
64,22,09-08-2021,08-08-2022,Annual,,9,8,2021,2021/8/9,8,8,2022,2022/8/8
65,23,03-01-2022,02-01-2023,Monthly,,3,1,2022,2022/1/3,2,1,2023,2023/1/2
66,24,19-12-2019,18-12-2020,Monthly,,19,12,2019,2019/12/19,18,12,2020,2020/12/18
67,25,21-07-2020,20-07-2021,Annual,,21,7,2020,2020/7/21,20,7,2021,2021/7/20
68,26,15-03-2022,14-03-2023,Monthly,,15,3,2022,2022/3/15,14,3,2023,2023/3/14
69,27,29-09-2021,28-09-2022,Annual,,29,9,2021,2021/9/29,28,9,2022,2022/9/28
70,28,13-12-2020,12-12-2021,Monthly,,13,12,2020,2020/12/13,12,12,2021,2021/12/12
71,29,22-02-2022,21-02-2023,Annual,,22,2,2022,2022/2/22,21,2,2023,2023/2/21
72,30,12-06-2021,11-06-2022,Monthly,,12,6,2021,2021/6/12,11,6,2022,2022/6/11
73,31,10-01-2024,09-01-2025,Annual,,10,1,2024,2024/1/10,9,1,2025,2025/1/9
74,32,15-12-2021,14-12-2022,Monthly,,15,12,2021,2021/12/15,14,12,2022,2022/12/14
75,33,18-09-2022,17-09-2023,Annual,,18,9,2022,2022/9/18,17,9,2023,2023/9/17
76,34,03-03-2024,02-03-2025,Monthly,,3,3,2024,2024/3/3,2,3,2025,2025/3/2
77,35,10-08-2022,09-08-2023,Annual,,10,8,2022,2022/8/10,9,8,2023,2023/8/9
78,36,01-01-2023,31-12-2023,Monthly,,1,1,2023,2023/1/1,31,12,2023,2023/12/31
79,37,03-03-2024,02-03-2025,Annual,,3,3,2024,2024/3/3,2,3,2025,2025/3/2
80,38,01-02-2023,31-01-2024,Monthly,,1,2,2023,2023/2/1,31,1,2024,2024/1/31
81,39,10-03-2022,09-03-2023,Monthly,,10,3,2022,2022/3/10,9,3,2023,2023/3/9
82,40,10-03-2022,09-03-2023,Annual,,10,3,2022,2022/3/10,9,3,2023,2023/3/9
83,41,01-02-2024,31-01-2025,Monthly,,1,2,2024,2024/2/1,31,1,2025,2025/1/31
84,42,01-12-2022,01-12-2023,Monthly,,1,12,2022,2022/12/1,1,12,2023,2023/12/1
85,43,10-03-2023,09-03-2024,Annual,,10,3,2023,2023/3/10,9,3,2024,2024/3/9
86,44,20-08-2022,19-08-2023,Monthly,,20,8,2022,2022/8/20,19,8,2023,2023/8/19
87,45,20-08-2020,19-08-2021,Monthly,,20,8,2020,2020/8/20,19,8,2021,2021/8/19
88,46,15-05-2021,14-05-2022,Annual,,15,5,2021,2021/5/15,14,5,2022,2022/5/14
89,47,15-11-2022,14-11-2023,Monthly,,15,11,2022,2022/11/15,14,11,2023,2023/11/14
90,48,15-08-2021,14-08-2022,Annual,,15,8,2021,2021/8/15,14,8,2022,2022/8/14
91,49,25-09-2023,24-09-2024,Monthly,,25,9,2023,2023/9/25,24,9,2024,2024/9/24
92,50,10-05-2022,09-05-2023,Annual,,10,5,2022,2022/5/10,9,5,2023,2023/5/9
93,51,01-06-2023,31-05-2024,Monthly,,1,6,2023,2023/6/1,31,5,2024,2024/5/31
94,52,10-10-2022,09-10-2023,Annual,,10,10,2022,2022/10/10,9,10,2023,2023/10/9
95,53,01-07-2022,30-06-2023,Monthly,,1,7,2022,2022/7/1,30,6,2023,2023/6/30
96,54,15-12-2021,14-12-2022,Monthly,,15,12,2021,2021/12/15,14,12,2022,2022/12/14
97,55,01-04-2022,31-03-2023,Annual,,1,4,2022,2022/4/1,31,3,2023,2023/3/31
98,56,01-07-2021,30-06-2022,Monthly,,1,7,2021,2021/7/1,30,6,2022,2022/6/30
99,57,01-01-2023,31-12-2023,Annual,,1,1,2023,2023/1/1,31,12,2023,2023/12/31
100,58,01-06-2022,31-05-2023,Monthly,,1,6,2022,2022/6/1,31,5,2023,2023/5/31
101,1,01-07-2023,30-06-2024,Monthly,,1,7,2023,2023/7/1,30,6,2024,2024/6/30
102,2,15-05-2022,14-05-2023,Annual,,15,5,2022,2022/5/15,14,5,2023,2023/5/14
103,3,01-08-2021,31-07-2022,Monthly,,1,8,2021,2021/8/1,31,7,2022,2022/7/31
104,4,25-09-2020,24-09-2021,Annual,,25,9,2020,2020/9/25,24,9,2021,2021/9/24
105,5,15-01-2023,14-01-2024,Monthly,,15,1,2023,2023/1/15,14,1,2024,2024/1/14
106,6,01-10-2021,30-09-2022,Annual,,1,10,2021,2021/10/1,30,9,2022,2022/9/30
107,7,20-03-2022,19-03-2023,Monthly,,20,3,2022,2022/3/20,19,3,2023,2023/3/19
108,8,15-11-2021,14-11-2022,Annual,,15,11,2021,2021/11/15,14,11,2022,2022/11/14
109,9,10-04-2023,09-04-2024,Monthly,,10,4,2023,2023/4/10,9,4,2024,2024/4/9
110,10,27-07-2022,26-07-2023,Annual,,27,7,2022,2022/7/27,26,7,2023,2023/7/26
111,11,10-02-2022,09-02-2023,Monthly,,10,2,2022,2022/2/10,9,2,2023,2023/2/9
112,12,20-01-2023,19-01-2024,Annual,,20,1,2023,2023/1/20,19,1,2024,2024/1/19
113,13,01-06-2022,31-05-2023,Monthly,,1,6,2022,2022/6/1,31,5,2023,2023/5/31
114,14,08-08-2021,07-08-2022,Annual,,8,8,2021,2021/8/8,7,8,2022,2022/8/7
115,15,02-04-2023,01-04-2024,Monthly,,2,4,2023,2023/4/2,1,4,2024,2024/4/1
116,16,01-12-2022,30-11-2023,Annual,,1,12,2022,2022/12/1,30,11,2023,2023/11/30
117,17,19-07-2021,18-07-2022,Monthly,,19,7,2021,2021/7/19,18,7,2022,2022/7/18
118,18,01-02-2023,31-01-2024,Annual,,1,2,2023,2023/2/1,31,1,2024,2024/1/31
119,19,15-11-2022,14-11-2023,Monthly,,15,11,2022,2022/11/15,14,11,2023,2023/11/14
120,20,30-06-2022,29-06-2023,Annual,,30,6,2022,2022/6/30,29,6,2023,2023/6/29
121,21,01-03-2023,29-02-2024,Monthly,,1,3,2023,2023/3/1,29,2,2024,2024/2/29
122,22,10-08-2022,09-08-2023,Annual,,10,8,2022,2022/8/10,9,8,2023,2023/8/9
123,23,01-05-2023,30-04-2024,Monthly,,1,5,2023,2023/5/1,30,4,2024,2024/4/30
124,24,20-09-2022,19-09-2023,Annual,,20,9,2022,2022/9/20,19,9,2023,2023/9/19
125,25,10-02-2023,09-02-2024,Monthly,,10,2,2023,2023/2/10,9,2,2024,2024/2/9
126,26,01-11-2022,31-10-2023,Annual,,1,11,2022,2022/11/1,31,10,2023,2023/10/31
127,27,01-06-2023,31-05-2024,Monthly,,1,6,2023,2023/6/1,31,5,2024,2024/5/31
128,28,15-10-2022,14-10-2023,Annual,,15,10,2022,2022/10/15,14,10,2023,2023/10/14
129,29,15-07-2023,14-07-2024,Monthly,,15,7,2023,2023/7/15,14,7,2024,2024/7/14
130,30,15-12-2022,14-12-2023,Annual,,15,12,2022,2022/12/15,14,12,2023,2023/12/14
131,31,01-05-2023,30-04-2024,Monthly,,1,5,2023,2023/5/1,30,4,2024,2024/4/30
132,32,01-10-2022,30-09-2023,Annual,,1,10,2022,2022/10/1,30,9,2023,2023/9/30
133,33,01-08-2023,31-07-2024,Monthly,,1,8,2023,2023/8/1,31,7,2024,2024/7/31
134,34,01-11-2022,31-10-2023,Annual,,1,11,2022,2022/11/1,31,10,2023,2023/10/31
135,35,01-01-2023,01-01-2024,Monthly,,1,1,2023,2023/1/1,1,1,2024,2024/1/1
136,36,01-07-2022,30-06-2023,Annual,,1,7,2022,2022/7/1,30,6,2023,2023/6/30
137,37,15-05-2023,14-05-2024,Monthly,,15,5,2023,2023/5/15,14,5,2024,2024/5/14
138,38,01-12-2022,30-11-2023,Annual,,1,12,2022,2022/12/1,30,11,2023,2023/11/30
139,39,01-06-2023,31-05-2024,Monthly,,1,6,2023,2023/6/1,31,5,2024,2024/5/31
140,40,10-07-2022,09-07-2023,Annual,,10,7,2022,2022/7/10,9,7,2023,2023/7/9
141,41,01-08-2023,31-07-2024,Monthly,,1,8,2023,2023/8/1,31,7,2024,2024/7/31
142,42,15-09-2022,14-09-2023,Annual,,15,9,2022,2022/9/15,14,9,2023,2023/9/14
143,43,01-04-2023,31-03-2024,Monthly,,1,4,2023,2023/4/1,31,3,2024,2024/3/31
144,44,01-08-2022,31-07-2023,Annual,,1,8,2022,2022/8/1,31,7,2023,2023/7/31
145,45,15-03-2023,14-03-2024,Monthly,,15,3,2023,2023/3/15,14,3,2024,2024/3/14
146,46,01-07-2022,30-06-2023,Annual,,1,7,2022,2022/7/1,30,6,2023,2023/6/30
147,47,01-11-2023,31-10-2024,Monthly,,1,11,2023,2023/11/1,31,10,2024,2024/10/31
148,48,01-05-2022,30-04-2023,Annual,,1,5,2022,2022/5/1,30,4,2023,2023/4/30
149,49,01-10-2023,30-09-2024,Monthly,,1,10,2023,2023/10/1,30,9,2024,2024/9/30
150,50,15-04-2022,14-04-2023,Annual,,15,4,2022,2022/4/15,14,4,2023,2023/4/14
151,51,01-01-2022,01-01-2023,Monthly,,1,1,2022,2022/1/1,1,1,2023,2023/1/1
152,52,01-02-2022,31-01-2023,Annual,,1,2,2022,2022/2/1,31,1,2023,2023/1/31
153,53,01-03-2022,28-02-2023,Monthly,,1,3,2022,2022/3/1,28,2,2023,2023/2/28
154,54,01-04-2022,31-03-2023,Annual,,1,4,2022,2022/4/1,31,3,2023,2023/3/31
155,55,01-05-2022,30-04-2023,Monthly,,1,5,2022,2022/5/1,30,4,2023,2023/4/30
156,56,01-06-2022,31-05-2023,Annual,,1,6,2022,2022/6/1,31,5,2023,2023/5/31
157,57,01-07-2022,30-06-2023,Monthly,,1,7,2022,2022/7/1,30,6,2023,2023/6/30
158,58,01-08-2022,31-07-2023,Annual,,1,8,2022,2022/8/1,31,7,2023,2023/7/31
159,59,01-09-2022,31-08-2023,Monthly,,1,9,2022,2022/9/1,31,8,2023,2023/8/31
160,60,01-10-2022,30-09-2023,Annual,,1,10,2022,2022/10/1,30,9,2023,2023/9/30
161,61,01-11-2022,31-10-2023,Monthly,,1,11,2022,2022/11/1,31,10,2023,2023/10/31
162,62,01-12-2022,30-11-2023,Annual,,1,12,2022,2022/12/1,30,11,2023,2023/11/30
163,63,01-01-2023,01-01-2024,Monthly,,1,1,2023,2023/1/1,1,1,2024,2024/1/1
164,64,01-02-2023,31-01-2024,Annual,,1,2,2023,2023/2/1,31,1,2024,2024/1/31
165,65,01-03-2023,29-02-2024,Monthly,,1,3,2023,2023/3/1,29,2,2024,2024/2/29
166,66,01-04-2023,31-03-2024,Annual,,1,4,2023,2023/4/1,31,3,2024,2024/3/31
167,67,01-05-2023,30-04-2024,Monthly,,1,5,2023,2023/5/1,30,4,2024,2024/4/30
168,68,01-06-2023,31-05-2024,Annual,,1,6,2023,2023/6/1,31,5,2024,2024/5/31
169,69,01-07-2023,30-06-2024,Monthly,,1,7,2023,2023/7/1,30,6,2024,2024/6/30
170,70,01-08-2023,31-07-2024,Annual,,1,8,2023,2023/8/1,31,7,2024,2024/7/31
171,71,01-09-2023,31-08-2024,Monthly,,1,9,2023,2023/9/1,31,8,2024,2024/8/31
172,72,01-10-2023,30-09-2024,Annual,,1,10,2023,2023/10/1,30,9,2024,2024/9/30
173,73,01-11-2023,31-10-2024,Monthly,,1,11,2023,2023/11/1,31,10,2024,2024/10/31
174,74,01-12-2023,30-11-2024,Annual,,1,12,2023,2023/12/1,30,11,2024,2024/11/30
175,75,01-01-2022,01-01-2023,Annual,,1,1,2022,2022/1/1,1,1,2023,2023/1/1
176,76,01-02-2022,01-02-2023,Monthly,,1,2,2022,2022/2/1,1,2,2023,2023/2/1
177,77,01-03-2022,01-03-2023,Annual,,1,3,2022,2022/3/1,1,3,2023,2023/3/1
178,78,01-04-2022,01-04-2023,Monthly,,1,4,2022,2022/4/1,1,4,2023,2023/4/1
179,79,01-05-2022,01-05-2023,Annual,,1,5,2022,2022/5/1,1,5,2023,2023/5/1
180,80,01-06-2022,01-06-2023,Monthly,,1,6,2022,2022/6/1,1,6,2023,2023/6/1
181,81,01-07-2022,01-07-2023,Annual,,1,7,2022,2022/7/1,1,7,2023,2023/7/1
182,82,01-08-2022,01-08-2023,Monthly,,1,8,2022,2022/8/1,1,8,2023,2023/8/1
183,83,01-09-2022,01-09-2023,Annual,,1,9,2022,2022/9/1,1,9,2023,2023/9/1
184,84,01-10-2022,01-10-2023,Monthly,,1,10,2022,2022/10/1,1,10,2023,2023/10/1
185,85,01-11-2022,01-11-2023,Annual,,1,11,2022,2022/11/1,1,11,2023,2023/11/1
186,86,01-12-2022,01-12-2023,Monthly,,1,12,2022,2022/12/1,1,12,2023,2023/12/1
187,87,01-01-2023,01-01-2024,Annual,,1,1,2023,2023/1/1,1,1,2024,2024/1/1
188,88,01-02-2023,01-02-2024,Monthly,,1,2,2023,2023/2/1,1,2,2024,2024/2/1
189,89,01-03-2023,01-03-2024,Annual,,1,3,2023,2023/3/1,1,3,2024,2024/3/1
190,90,01-04-2023,01-04-2024,Monthly,,1,4,2023,2023/4/1,1,4,2024,2024/4/1
191,91,01-05-2023,01-05-2024,Annual,,1,5,2023,2023/5/1,1,5,2024,2024/5/1
192,92,01-06-2023,01-06-2024,Monthly,,1,6,2023,2023/6/1,1,6,2024,2024/6/1
193,93,01-07-2023,01-07-2024,Annual,,1,7,2023,2023/7/1,1,7,2024,2024/7/1
194,94,01-08-2023,01-08-2024,Monthly,,1,8,2023,2023/8/1,1,8,2024,2024/8/1
195,95,01-09-2023,01-09-2024,Annual,,1,9,2023,2023/9/1,1,9,2024,2024/9/1
196,96,01-10-2023,01-10-2024,Monthly,,1,10,2023,2023/10/1,1,10,2024,2024/10/1
197,97,01-11-2023,01-11-2024,Annual,,1,11,2023,2023/11/1,1,11,2024,2024/11/1
198,98,01-12-2023,01-12-2024,Monthly,,1,12,2023,2023/12/1,1,12,2024,2024/12/1
199,99,15-01-2022,14-01-2023,Monthly,,15,1,2022,2022/1/15,14,1,2023,2023/1/14
200,100,15-02-2022,14-02-2023,Annual,,15,2,2022,2022/2/15,14,2,2023,2023/2/14
201,101,15-03-2022,14-03-2023,Monthly,,15,3,2022,2022/3/15,14,3,2023,2023/3/14
202,102,15-04-2022,14-04-2023,Annual,,15,4,2022,2022/4/15,14,4,2023,2023/4/14
203,103,15-05-2022,14-05-2023,Monthly,,15,5,2022,2022/5/15,14,5,2023,2023/5/14
204,104,15-06-2022,14-06-2023,Annual,,15,6,2022,2022/6/15,14,6,2023,2023/6/14
205,105,15-07-2022,14-07-2023,Monthly,,15,7,2022,2022/7/15,14,7,2023,2023/7/14
206,106,15-08-2022,14-08-2023,Annual,,15,8,2022,2022/8/15,14,8,2023,2023/8/14
207,107,15-09-2022,14-09-2023,Monthly,,15,9,2022,2022/9/15,14,9,2023,2023/9/14
208,108,15-10-2022,14-10-2023,Annual,,15,10,2022,2022/10/15,14,10,2023,2023/10/14
209,109,15-11-2022,14-11-2023,Monthly,,15,11,2022,2022/11/15,14,11,2023,2023/11/14
210,110,15-12-2022,14-12-2023,Annual,,15,12,2022,2022/12/15,14,12,2023,2023/12/14
211,111,15-01-2023,14-01-2024,Monthly,,15,1,2023,2023/1/15,14,1,2024,2024/1/14
212,112,15-02-2023,14-02-2024,Annual,,15,2,2023,2023/2/15,14,2,2024,2024/2/14
213,113,15-03-2023,14-03-2024,Monthly,,15,3,2023,2023/3/15,14,3,2024,2024/3/14
214,114,15-04-2023,14-04-2024,Annual,,15,4,2023,2023/4/15,14,4,2024,2024/4/14
215,115,15-05-2023,14-05-2024,Monthly,,15,5,2023,2023/5/15,14,5,2024,2024/5/14
216,116,15-06-2023,14-06-2024,Annual,,15,6,2023,2023/6/15,14,6,2024,2024/6/14
217,117,15-07-2023,14-07-2024,Monthly,,15,7,2023,2023/7/15,14,7,2024,2024/7/14
218,118,15-08-2023,14-08-2024,Annual,,15,8,2023,2023/8/15,14,8,2024,2024/8/14
219,119,15-09-2023,14-09-2024,Monthly,,15,9,2023,2023/9/15,14,9,2024,2024/9/14
220,120,15-10-2023,14-10-2024,Annual,,15,10,2023,2023/10/15,14,10,2024,2024/10/14
221,121,15-11-2023,14-11-2024,Monthly,,15,11,2023,2023/11/15,14,11,2024,2024/11/14
222,122,15-12-2023,14-12-2024,Annual,,15,12,2023,2023/12/15,14,12,2024,2024/12/14
223,123,15-01-2022,14-01-2023,Annual,,15,1,2022,2022/1/15,14,1,2023,2023/1/14
224,124,15-02-2022,14-02-2023,Monthly,,15,2,2022,2022/2/15,14,2,2023,2023/2/14
225,125,15-03-2022,14-03-2023,Annual,,15,3,2022,2022/3/15,14,3,2023,2023/3/14
226,126,15-04-2022,14-04-2023,Monthly,,15,4,2022,2022/4/15,14,4,2023,2023/4/14
227,127,15-05-2022,14-05-2023,Annual,,15,5,2022,2022/5/15,14,5,2023,2023/5/14
228,128,15-06-2022,14-06-2023,Monthly,,15,6,2022,2022/6/15,14,6,2023,2023/6/14
229,129,15-07-2022,14-07-2023,Annual,,15,7,2022,2022/7/15,14,7,2023,2023/7/14
230,130,15-08-2022,14-08-2023,Monthly,,15,8,2022,2022/8/15,14,8,2023,2023/8/14
231,131,15-09-2022,14-09-2023,Annual,,15,9,2022,2022/9/15,14,9,2023,2023/9/14
232,132,15-10-2022,14-10-2023,Monthly,,15,10,2022,2022/10/15,14,10,2023,2023/10/14
233,133,15-11-2022,14-11-2023,Annual,,15,11,2022,2022/11/15,14,11,2023,2023/11/14
234,134,15-12-2022,14-12-2023,Monthly,,15,12,2022,2022/12/15,14,12,2023,2023/12/14
235,135,15-01-2023,14-01-2024,Annual,,15,1,2023,2023/1/15,14,1,2024,2024/1/14
236,136,15-02-2023,14-02-2024,Monthly,,15,2,2023,2023/2/15,14,2,2024,2024/2/14
237,137,15-03-2023,14-03-2024,Annual,,15,3,2023,2023/3/15,14,3,2024,2024/3/14
238,138,15-04-2023,14-04-2024,Monthly,,15,4,2023,2023/4/15,14,4,2024,2024/4/14
239,139,15-05-2023,14-05-2024,Annual,,15,5,2023,2023/5/15,14,5,2024,2024/5/14
240,140,15-06-2023,14-06-2024,Monthly,,15,6,2023,2023/6/15,14,6,2024,2024/6/14
241,141,15-07-2023,14-07-2024,Annual,,15,7,2023,2023/7/15,14,7,2024,2024/7/14
242,142,15-08-2023,14-08-2024,Monthly,,15,8,2023,2023/8/15,14,8,2024,2024/8/14
243,143,15-09-2023,14-09-2024,Annual,,15,9,2023,2023/9/15,14,9,2024,2024/9/14
244,144,15-10-2023,14-10-2024,Monthly,,15,10,2023,2023/10/15,14,10,2024,2024/10/14
245,145,15-11-2023,14-11-2024,Annual,,15,11,2023,2023/11/15,14,11,2024,2024/11/14
246,146,15-12-2023,14-12-2024,Monthly,,15,12,2023,2023/12/15,14,12,2024,2024/12/14
247,147,15-01-2022,14-01-2023,Annual,,15,1,2022,2022/1/15,14,1,2023,2023/1/14
248,148,15-02-2022,14-02-2023,Monthly,,15,2,2022,2022/2/15,14,2,2023,2023/2/14
249,149,15-03-2022,14-03-2023,Annual,,15,3,2022,2022/3/15,14,3,2023,2023/3/14
250,150,15-04-2022,14-04-2023,Monthly,,15,4,2022,2022/4/15,14,4,2023,2023/4/14
251,151,01-01-2023,01-01-2024,Monthly,,1,1,2023,2023/1/1,1,1,2024,2024/1/1
252,152,01-02-2023,31-01-2024,Annual,,1,2,2023,2023/2/1,31,1,2024,2024/1/31
253,153,01-03-2023,29-02-2024,Monthly,,1,3,2023,2023/3/1,29,2,2024,2024/2/29
254,154,01-04-2023,31-03-2024,Annual,,1,4,2023,2023/4/1,31,3,2024,2024/3/31
255,155,01-05-2023,30-04-2024,Monthly,,1,5,2023,2023/5/1,30,4,2024,2024/4/30
256,156,01-06-2023,31-05-2024,Annual,,1,6,2023,2023/6/1,31,5,2024,2024/5/31
257,157,01-07-2023,30-06-2024,Monthly,,1,7,2023,2023/7/1,30,6,2024,2024/6/30
258,158,01-08-2023,31-07-2024,Annual,,1,8,2023,2023/8/1,31,7,2024,2024/7/31
259,159,01-09-2023,31-08-2024,Monthly,,1,9,2023,2023/9/1,31,8,2024,2024/8/31
260,160,01-10-2023,30-09-2024,Annual,,1,10,2023,2023/10/1,30,9,2024,2024/9/30
261,161,01-11-2023,31-10-2024,Monthly,,1,11,2023,2023/11/1,31,10,2024,2024/10/31
262,162,01-12-2023,30-11-2024,Annual,,1,12,2023,2023/12/1,30,11,2024,2024/11/30
263,163,01-01-2023,01-01-2024,Annual,,1,1,2023,2023/1/1,1,1,2024,2024/1/1
264,164,01-02-2023,01-02-2024,Monthly,,1,2,2023,2023/2/1,1,2,2024,2024/2/1
265,165,01-03-2023,01-03-2024,Annual,,1,3,2023,2023/3/1,1,3,2024,2024/3/1
266,166,01-04-2023,01-04-2024,Monthly,,1,4,2023,2023/4/1,1,4,2024,2024/4/1
267,167,01-05-2023,01-05-2024,Annual,,1,5,2023,2023/5/1,1,5,2024,2024/5/1
268,168,01-06-2023,01-06-2024,Monthly,,1,6,2023,2023/6/1,1,6,2024,2024/6/1
269,169,01-07-2023,01-07-2024,Annual,,1,7,2023,2023/7/1,1,7,2024,2024/7/1
270,170,01-08-2023,01-08-2024,Monthly,,1,8,2023,2023/8/1,1,8,2024,2024/8/1
271,171,01-09-2023,01-09-2024,Annual,,1,9,2023,2023/9/1,1,9,2024,2024/9/1
272,172,01-10-2023,01-10-2024,Monthly,,1,10,2023,2023/10/1,1,10,2024,2024/10/1
273,173,01-11-2023,01-11-2024,Annual,,1,11,2023,2023/11/1,1,11,2024,2024/11/1
274,174,01-12-2023,01-12-2024,Monthly,,1,12,2023,2023/12/1,1,12,2024,2024/12/1
275,175,15-01-2022,14-01-2023,Annual,,15,1,2022,2022/1/15,14,1,2023,2023/1/14
276,176,15-02-2022,14-02-2023,Monthly,,15,2,2022,2022/2/15,14,2,2023,2023/2/14
277,177,15-03-2022,14-03-2023,Annual,,15,3,2022,2022/3/15,14,3,2023,2023/3/14
278,178,15-04-2022,14-04-2023,Monthly,,15,4,2022,2022/4/15,14,4,2023,2023/4/14
279,179,15-05-2022,14-05-2023,Annual,,15,5,2022,2022/5/15,14,5,2023,2023/5/14
280,180,15-06-2022,14-06-2023,Monthly,,15,6,2022,2022/6/15,14,6,2023,2023/6/14
281,181,15-07-2022,14-07-2023,Annual,,15,7,2022,2022/7/15,14,7,2023,2023/7/14
282,182,15-08-2022,14-08-2023,Monthly,,15,8,2022,2022/8/15,14,8,2023,2023/8/14
283,183,15-09-2022,14-09-2023,Annual,,15,9,2022,2022/9/15,14,9,2023,2023/9/14
284,184,15-10-2022,14-10-2023,Monthly,,15,10,2022,2022/10/15,14,10,2023,2023/10/14
285,185,15-11-2022,14-11-2023,Annual,,15,11,2022,2022/11/15,14,11,2023,2023/11/14
286,186,15-12-2022,14-12-2023,Monthly,,15,12,2022,2022/12/15,14,12,2023,2023/12/14
287,187,15-01-2023,14-01-2024,Annual,,15,1,2023,2023/1/15,14,1,2024,2024/1/14
288,188,15-02-2023,14-02-2024,Monthly,,15,2,2023,2023/2/15,14,2,2024,2024/2/14
289,189,15-03-2023,14-03-2024,Annual,,15,3,2023,2023/3/15,14,3,2024,2024/3/14
290,190,15-04-2023,14-04-2024,Monthly,,15,4,2023,2023/4/15,14,4,2024,2024/4/14
291,191,15-05-2023,14-05-2024,Annual,,15,5,2023,2023/5/15,14,5,2024,2024/5/14
292,192,15-06-2023,14-06-2024,Monthly,,15,6,2023,2023/6/15,14,6,2024,2024/6/14
293,193,15-07-2023,14-07-2024,Annual,,15,7,2023,2023/7/15,14,7,2024,2024/7/14
294,194,15-08-2023,14-08-2024,Monthly,,15,8,2023,2023/8/15,14,8,2024,2024/8/14
295,195,15-09-2023,14-09-2024,Annual,,15,9,2023,2023/9/15,14,9,2024,2024/9/14
296,196,15-10-2023,14-10-2024,Monthly,,15,10,2023,2023/10/15,14,10,2024,2024/10/14
297,197,15-11-2023,14-11-2024,Annual,,15,11,2023,2023/11/15,14,11,2024,2024/11/14
298,198,15-12-2023,14-12-2024,Monthly,,15,12,2023,2023/12/15,14,12,2024,2024/12/14
299,199,01-01-2022,01-01-2023,Annual,,1,1,2022,2022/1/1,1,1,2023,2023/1/1
300,200,01-02-2022,01-02-2023,Monthly,,1,2,2022,2022/2/1,1,2,2023,2023/2/1
301,202,01-03-2023,01-03-2024,Annual,,1,3,2023,2023/3/1,1,3,2024,2024/3/1
302,203,01-04-2023,01-04-2024,Monthly,,1,4,2023,2023/4/1,1,4,2024,2024/4/1
303,204,01-05-2023,01-05-2024,Annual,,1,5,2023,2023/5/1,1,5,2024,2024/5/1
304,205,01-06-2023,01-06-2024,Monthly,,1,6,2023,2023/6/1,1,6,2024,2024/6/1
305,206,01-07-2023,01-07-2024,Annual,,1,7,2023,2023/7/1,1,7,2024,2024/7/1
306,207,01-08-2023,01-08-2024,Monthly,,1,8,2023,2023/8/1,1,8,2024,2024/8/1
307,208,01-09-2023,01-09-2024,Annual,,1,9,2023,2023/9/1,1,9,2024,2024/9/1
308,209,01-10-2023,01-10-2024,Monthly,,1,10,2023,2023/10/1,1,10,2024,2024/10/1
309,210,01-11-2023,01-11-2024,Annual,,1,11,2023,2023/11/1,1,11,2024,2024/11/1
310,211,01-12-2023,01-12-2024,Monthly,,1,12,2023,2023/12/1,1,12,2024,2024/12/1
311,212,01-01-2022,01-01-2023,Annual,,1,1,2022,2022/1/1,1,1,2023,2023/1/1
312,213,01-02-2022,01-02-2023,Monthly,,1,2,2022,2022/2/1,1,2,2023,2023/2/1
313,214,01-03-2022,01-03-2023,Annual,,1,3,2022,2022/3/1,1,3,2023,2023/3/1
314,215,01-04-2022,01-04-2023,Monthly,,1,4,2022,2022/4/1,1,4,2023,2023/4/1
315,216,01-05-2022,01-05-2023,Annual,,1,5,2022,2022/5/1,1,5,2023,2023/5/1
316,217,01-06-2022,01-06-2023,Monthly,,1,6,2022,2022/6/1,1,6,2023,2023/6/1
317,218,01-07-2022,01-07-2023,Annual,,1,7,2022,2022/7/1,1,7,2023,2023/7/1
318,219,01-08-2022,01-08-2023,Monthly,,1,8,2022,2022/8/1,1,8,2023,2023/8/1
319,220,01-09-2022,01-09-2023,Annual,,1,9,2022,2022/9/1,1,9,2023,2023/9/1
320,221,01-10-2022,01-10-2023,Monthly,,1,10,2022,2022/10/1,1,10,2023,2023/10/1
321,222,01-11-2022,01-11-2023,Annual,,1,11,2022,2022/11/1,1,11,2023,2023/11/1
322,223,01-12-2022,01-12-2023,Monthly,,1,12,2022,2022/12/1,1,12,2023,2023/12/1
323,224,01-01-2023,01-01-2024,Annual,,1,1,2023,2023/1/1,1,1,2024,2024/1/1
324,225,01-02-2023,01-02-2024,Monthly,,1,2,2023,2023/2/1,1,2,2024,2024/2/1
325,226,01-03-2023,01-03-2024,Annual,,1,3,2023,2023/3/1,1,3,2024,2024/3/1
326,227,01-04-2023,01-04-2024,Monthly,,1,4,2023,2023/4/1,1,4,2024,2024/4/1
327,228,01-05-2023,01-05-2024,Annual,,1,5,2023,2023/5/1,1,5,2024,2024/5/1
328,229,01-06-2023,01-06-2024,Monthly,,1,6,2023,2023/6/1,1,6,2024,2024/6/1
329,230,01-07-2023,01-07-2024,Annual,,1,7,2023,2023/7/1,1,7,2024,2024/7/1
330,231,01-08-2023,01-08-2024,Monthly,,1,8,2023,2023/8/1,1,8,2024,2024/8/1
331,232,01-09-2023,01-09-2024,Annual,,1,9,2023,2023/9/1,1,9,2024,2024/9/1
332,233,01-10-2023,01-10-2024,Monthly,,1,10,2023,2023/10/1,1,10,2024,2024/10/1
333,234,01-11-2023,01-11-2024,Annual,,1,11,2023,2023/11/1,1,11,2024,2024/11/1
334,235,01-12-2023,01-12-2024,Monthly,,1,12,2023,2023/12/1,1,12,2024,2024/12/1
335,236,01-01-2022,01-01-2023,Annual,,1,1,2022,2022/1/1,1,1,2023,2023/1/1
336,237,01-02-2022,01-02-2023,Monthly,,1,2,2022,2022/2/1,1,2,2023,2023/2/1
337,238,01-03-2022,01-03-2023,Annual,,1,3,2022,2022/3/1,1,3,2023,2023/3/1
338,239,01-04-2022,01-04-2023,Monthly,,1,4,2022,2022/4/1,1,4,2023,2023/4/1
339,240,01-05-2022,01-05-2023,Annual,,1,5,2022,2022/5/1,1,5,2023,2023/5/1
340,241,01-06-2022,01-06-2023,Monthly,,1,6,2022,2022/6/1,1,6,2023,2023/6/1
341,242,01-07-2022,01-07-2023,Annual,,1,7,2022,2022/7/1,1,7,2023,2023/7/1
342,243,01-08-2022,01-08-2023,Monthly,,1,8,2022,2022/8/1,1,8,2023,2023/8/1
343,244,01-09-2022,01-09-2023,Annual,,1,9,2022,2022/9/1,1,9,2023,2023/9/1
344,245,01-10-2022,01-10-2023,Monthly,,1,10,2022,2022/10/1,1,10,2023,2023/10/1
345,246,01-11-2022,01-11-2023,Annual,,1,11,2022,2022/11/1,1,11,2023,2023/11/1
346,247,01-12-2022,01-12-2023,Monthly,,1,12,2022,2022/12/1,1,12,2023,2023/12/1
347,248,01-01-2023,01-01-2024,Annual,,1,1,2023,2023/1/1,1,1,2024,2024/1/1
348,249,01-02-2023,01-02-2024,Monthly,,1,2,2023,2023/2/1,1,2,2024,2024/2/1
349,250,01-03-2023,01-03-2024,Annual,,1,3,2023,2023/3/1,1,3,2024,2024/3/1
350,251,01-04-2023,01-04-2024,Monthly,,1,4,2023,2023/4/1,1,4,2024,2024/4/1
351,252,01-05-2023,01-05-2024,Annual,,1,5,2023,2023/5/1,1,5,2024,2024/5/1
352,253,01-06-2023,01-06-2024,Monthly,,1,6,2023,2023/6/1,1,6,2024,2024/6/1
353,254,01-07-2023,01-07-2024,Annual,,1,7,2023,2023/7/1,1,7,2024,2024/7/1
354,255,01-08-2023,01-08-2024,Monthly,,1,8,2023,2023/8/1,1,8,2024,2024/8/1
355,256,01-09-2023,01-09-2024,Annual,,1,9,2023,2023/9/1,1,9,2024,2024/9/1
356,257,01-10-2023,01-10-2024,Monthly,,1,10,2023,2023/10/1,1,10,2024,2024/10/1
357,258,01-11-2023,01-11-2024,Annual,,1,11,2023,2023/11/1,1,11,2024,2024/11/1
358,259,01-12-2023,01-12-2024,Monthly,,1,12,2023,2023/12/1,1,12,2024,2024/12/1
359,260,01-01-2022,01-01-2023,Annual,,1,1,2022,2022/1/1,1,1,2023,2023/1/1
360,261,01-02-2022,01-02-2023,Monthly,,1,2,2022,2022/2/1,1,2,2023,2023/2/1
361,262,01-03-2022,01-03-2023,Annual,,1,3,2022,2022/3/1,1,3,2023,2023/3/1
362,263,01-04-2022,01-04-2023,Monthly,,1,4,2022,2022/4/1,1,4,2023,2023/4/1
363,264,01-05-2022,01-05-2023,Annual,,1,5,2022,2022/5/1,1,5,2023,2023/5/1
364,265,01-06-2022,01-06-2023,Monthly,,1,6,2022,2022/6/1,1,6,2023,2023/6/1
365,266,01-07-2022,01-07-2023,Annual,,1,7,2022,2022/7/1,1,7,2023,2023/7/1
366,267,01-08-2022,01-08-2023,Monthly,,1,8,2022,2022/8/1,1,8,2023,2023/8/1
367,268,01-09-2022,01-09-2023,Annual,,1,9,2022,2022/9/1,1,9,2023,2023/9/1
368,269,01-10-2022,01-10-2023,Monthly,,1,10,2022,2022/10/1,1,10,2023,2023/10/1
369,270,01-11-2022,01-11-2023,Annual,,1,11,2022,2022/11/1,1,11,2023,2023/11/1
370,271,01-12-2022,01-12-2023,Monthly,,1,12,2022,2022/12/1,1,12,2023,2023/12/1
371,272,01-01-2023,01-01-2024,Annual,,1,1,2023,2023/1/1,1,1,2024,2024/1/1
372,273,01-02-2023,01-02-2024,Monthly,,1,2,2023,2023/2/1,1,2,2024,2024/2/1
373,274,01-03-2023,01-03-2024,Annual,,1,3,2023,2023/3/1,1,3,2024,2024/3/1
374,275,01-04-2023,01-04-2024,Monthly,,1,4,2023,2023/4/1,1,4,2024,2024/4/1
375,276,01-05-2023,01-05-2024,Annual,,1,5,2023,2023/5/1,1,5,2024,2024/5/1
376,277,01-06-2023,01-06-2024,Monthly,,1,6,2023,2023/6/1,1,6,2024,2024/6/1
377,278,01-07-2023,01-07-2024,Annual,,1,7,2023,2023/7/1,1,7,2024,2024/7/1
378,279,01-08-2023,01-08-2024,Monthly,,1,8,2023,2023/8/1,1,8,2024,2024/8/1
379,280,01-09-2023,01-09-2024,Annual,,1,9,2023,2023/9/1,1,9,2024,2024/9/1
380,281,01-10-2023,01-10-2024,Monthly,,1,10,2023,2023/10/1,1,10,2024,2024/10/1
381,282,01-11-2023,01-11-2024,Annual,,1,11,2023,2023/11/1,1,11,2024,2024/11/1
382,283,01-12-2023,01-12-2024,Monthly,,1,12,2023,2023/12/1,1,12,2024,2024/12/1
383,284,01-01-2022,01-01-2023,Annual,,1,1,2022,2022/1/1,1,1,2023,2023/1/1
384,285,01-02-2022,01-02-2023,Monthly,,1,2,2022,2022/2/1,1,2,2023,2023/2/1
385,286,01-03-2022,01-03-2023,Annual,,1,3,2022,2022/3/1,1,3,2023,2023/3/1
386,287,01-04-2022,01-04-2023,Monthly,,1,4,2022,2022/4/1,1,4,2023,2023/4/1
387,288,01-05-2022,01-05-2023,Annual,,1,5,2022,2022/5/1,1,5,2023,2023/5/1
388,289,01-06-2022,01-06-2023,Monthly,,1,6,2022,2022/6/1,1,6,2023,2023/6/1
389,290,01-07-2022,01-07-2023,Annual,,1,7,2022,2022/7/1,1,7,2023,2023/7/1
390,291,01-08-2022,01-08-2023,Monthly,,1,8,2022,2022/8/1,1,8,2023,2023/8/1
391,292,01-09-2022,01-09-2023,Annual,,1,9,2022,2022/9/1,1,9,2023,2023/9/1
392,293,01-10-2022,01-10-2023,Monthly,,1,10,2022,2022/10/1,1,10,2023,2023/10/1
393,294,01-11-2022,01-11-2023,Annual,,1,11,2022,2022/11/1,1,11,2023,2023/11/1
394,295,01-12-2022,01-12-2023,Monthly,,1,12,2022,2022/12/1,1,12,2023,2023/12/1
395,296,01-01-2023,01-01-2024,Annual,,1,1,2023,2023/1/1,1,1,2024,2024/1/1
396,297,01-02-2023,01-02-2024,Monthly,,1,2,2023,2023/2/1,1,2,2024,2024/2/1
397,298,01-03-2023,01-03-2024,Annual,,1,3,2023,2023/3/1,1,3,2024,2024/3/1
398,299,01-04-2023,01-04-2024,Monthly,,1,4,2023,2023/4/1,1,4,2024,2024/4/1
399,300,01-05-2023,01-05-2024,Annual,,1,5,2023,2023/5/1,1,5,2024,2024/5/1
